{
    "0": {
        "player_turns": 3,
        "consensus_goal": 10,
        "citizens": [
            {
                "name": "Commissioner",
                "consensus": 1,
                "consensus_max": 12,
                "energy": 3,
                "energy_max": 5,
                "actions": [
                    {
                        "say": "Some cards require {{color=[colors.note]}}Energy{{/color}} to be played."
                    },
                    {
                        "say": "A citizen can gain or lose consensus or energy per turn.",
                        "energy": 2
                    },
                    {
                        "say": "You can see the total {{color=[colors.note]}}Consensus{{/color}} of all citizens on the bottom-left."
                    }
                ]
            }
        ]
    },

    "1": {
        "scene": "bg teachers room day",
        "player_turns": 3,
        "consensus_goal": 10,
        "citizens": [
            {
                "name": "Secretary",
                "consensus": 0,
                "consensus_max": 13,
                "energy": 3,
                "energy_max": 5,
                "actions": [
                    {
                        "say": "{name} is thinking..."
                    },
                    {
                        "say": "{name} loses 1 energy.",
                        "energy": -1
                    },
                    {
                        "say": "{name} gains 1 consensus.",
                        "consensus": 1
                    }
                ]
            }
        ]
    },

    "2": {
        "scene": "bg refectory day",
        "player_turns": 5,
        "consensus_goal": 13,
        "citizens": [
            {
                "name": "Lawyer",
                "consensus": 0,
                "consensus_max": 10,
                "energy": 1,
                "energy_max": 6,
                "actions": [
                    {
                        "say": "{name} is thinking..."
                    },
                    {
                        "say": "{name} loses 1 energy.",
                        "energy": -1
                    },
                    {
                        "say": "{name} loses 1 consensus.",
                        "consensus": -1
                    }
                ]
            },
            {
                "name": "Teacher",
                "consensus": 0,
                "consensus_max": 8,
                "energy": 2,
                "energy_max": 7,
                "actions": [
                    {
                        "say": "{name} loses 1 consensus.",
                        "consensus": -1
                    },
                    {
                        "say": "{name} loses 1 energy.",
                        "energy": -1
                    },
                    {
                        "say": "{name} is thinking..."
                    }
                ]
            }
        ]
    },

    "3": {
        "scene": "bg student council room day",
        "player_turns": 5,
        "consensus_goal": 15,
        "citizens": [
            {
                "name": "Researcher",
                "consensus": 0,
                "consensus_max": 10,
                "energy": 2,
                "energy_max": 7,
                "actions": [
                    {
                        "say": "{name} is thinking..."
                    },
                    {
                        "say": "{name} loses 1 energy.",
                        "energy": -1
                    },
                    {
                        "say": "{name} loses 1 consensus.",
                        "consensus": -1
                    }
                ]
            },
            {
                "name": "Detective",
                "consensus": 0,
                "consensus_max": 10,
                "energy": 2,
                "energy_max": 7,
                "actions": [
                    {
                        "say": "{name} is thinking..."
                    },
                    {
                        "say": "{name} loses 2 energy.",
                        "energy": -2
                    },
                    {
                        "say": "{{color=[colors.caution]}}Everyone{{/color}} gains 1 consensus.",
                        "consensus": 1,
                        "all": true
                    }
                ]
            }
        ]
    },

    "4": {
        "scene": "bg library day",
        "player_turns": 5,
        "consensus_goal": 20,
        "citizens": [
            {
                "name": "Developer",
                "consensus": 2,
                "consensus_max": 10,
                "energy": 1,
                "energy_max": 5,
                "actions": [
                    {
                        "say": "{name} is thinking..."
                    },
                    {
                        "say": "{name} gains 1 consensus.",
                        "consensus": 1
                    },
                    {
                        "say": "{{color=[colors.caution]}}Everyone{{/color}} loses 2 energy.",
                        "energy": -2,
                        "all": true
                    }
                ]
            },
            {
                "name": "Trainer",
                "consensus": 2,
                "consensus_max": 5,
                "energy": 2,
                "energy_max": 7,
                "actions": [
                    {
                        "say": "{{color=[colors.caution]}}Everyone{{/color}} loses 1 consensus.",
                        "consensus": -1,
                        "all": true
                    },
                    {
                        "say": "{name} is thinking..."
                    },
                    {
                        "say": "{name} loses 2 energy.",
                        "energy": -2
                    }
                ]
            },
            {
                "name": "Student",
                "consensus": 1,
                "consensus_max": 10,
                "energy": 2,
                "energy_max": 5,
                "actions": [
                    {
                        "say": "{name} is thinking..."
                    },
                    {
                        "say": "{{color=[colors.caution]}}Everyone{{/color}} gains 2 energy.",
                        "energy": 2,
                        "all": true
                    },
                    {
                        "say": "{name} loses 1 energy.",
                        "energy": -1
                    }
                ]
            }
        ]
    },

    "5": {
        "scene": "bg teachers room afternoon",
        "player_turns": 5,
        "consensus_goal": 20,
        "citizens": [
            {
                "name": "Lawyer",
                "consensus": 1,
                "consensus_max": 10,
                "energy": 2,
                "energy_max": 5,
                "actions": [
                    {
                        "say": "{name} is thinking..."
                    },
                    {
                        "say": "{name} loses 1 energy.",
                        "energy": -1
                    },
                    {
                        "say": "{name} loses 1 consensus.",
                        "consensus": -1
                    }
                ]
            },
            {
                "name": "Secretary",
                "consensus": 2,
                "consensus_max": 5,
                "energy": 3,
                "energy_max": 7,
                "actions": [
                    {
                        "say": "{name} is thinking..."
                    },
                    {
                        "say": "{name} loses 1 energy.",
                        "energy": -1
                    },
                    {
                        "say": "{name} gains 1 consensus.",
                        "consensus": 1
                    }
                ]
            },
            {
                "name": "Researcher",
                "consensus": 1,
                "consensus_max": 10,
                "energy": 2,
                "energy_max": 5,
                "actions": [
                    {
                        "say": "{name} loses 2 consensus.",
                        "consensus": -2
                    },
                    {
                        "say": "{name} is thinking..."
                    },
                    {
                        "say": "{{color=[colors.caution]}}Everyone{{/color}} loses 2 energy.",
                        "energy": -2,
                        "all": true
                    }
                ]
            }
        ]
    },

    "6": {
        "scene": "bg refectory afternoon",
        "player_turns": 5,
        "consensus_goal": 25,
        "citizens": [
            {
                "name": "Student",
                "consensus": 1,
                "consensus_max": 10,
                "energy": 1,
                "energy_max": 5,
                "actions": [
                    {
                        "say": "{name} is thinking..."
                    },
                    {
                        "say": "{{color=[colors.caution]}}Everyone{{/color}} loses 2 energy.",
                        "energy": -2,
                        "all": true
                    },
                    {
                        "say": "{name} loses 2 consensus.",
                        "consensus": -2
                    }
                ]
            },
            {
                "name": "Trainer",
                "consensus": 0,
                "consensus_max": 10,
                "energy": 2,
                "energy_max": 7,
                "actions": [
                    {
                        "say": "{name} is thinking..."
                    },
                    {
                        "say": "{name} loses 2 energy.",
                        "energy": -2
                    },
                    {
                        "say": "{{color=[colors.caution]}}Everyone{{/color}} loses 2 consensus.",
                        "consensus": -2,
                        "all": true
                    }
                ]
            },
            {
                "name": "Teacher",
                "consensus": 2,
                "consensus_max": 10,
                "energy": 3,
                "energy_max": 7,
                "actions": [
                    {
                        "say": "{name} loses 2 energy.",
                        "energy": -2
                    },
                    {
                        "say": "{name} is thinking..."
                    },
                    {
                        "say": "{name} gains 2 energy.",
                        "energy": 2
                    }
                ]
            }
        ]
    },

    "7": {
        "scene": "bg student council room afternoon",
        "player_turns": 5,
        "consensus_goal": 35,
        "citizens": [
            {
                "name": "Detective",
                "consensus": 1,
                "consensus_max": 10,
                "energy": 2,
                "energy_max": 7,
                "actions": [
                    {
                        "say": "{name} is thinking..."
                    },
                    {
                        "say": "{name} loses 3 energy.",
                        "energy": -3
                    },
                    {
                        "say": "{{color=[colors.caution]}}Everyone{{/color}} loses 3 consensus.",
                        "consensus": -3,
                        "all": true
                    }
                ]
            },
            {
                "name": "Secretary",
                "consensus": 2,
                "consensus_max": 10,
                "energy": 3,
                "energy_max": 9,
                "actions": [
                    {
                        "say": "{name} is thinking..."
                    },
                    {
                        "say": "{{color=[colors.caution]}}Everyone{{/color}} loses 3 energy.",
                        "energy": -3,
                        "all": true
                    },
                    {
                        "say": "{name} gains 1 consensus.",
                        "consensus": 1
                    }
                ]
            },
            {
                "name": "Researcher",
                "consensus": 1,
                "consensus_max": 10,
                "energy": 1,
                "energy_max": 7,
                "actions": [
                    {
                        "say": "{name} is thinking..."
                    },
                    {
                        "say": "{name} loses 3 consensus.",
                        "consensus": -3
                    },
                    {
                        "say": "{name} loses 3 energy.",
                        "energy": -3
                    },
                    {
                        "say": "{name} gains 1 energy.",
                        "energy": 1
                    }
                ]
            },
            {
                "name": "Developer",
                "consensus": 1,
                "consensus_max": 10,
                "energy": 2,
                "energy_max": 7,
                "actions": [
                    {
                        "say": "{name} is thinking..."
                    },
                    {
                        "say": "{name} loses 2 energy.",
                        "energy": -2
                    },
                    {
                        "say": "{name} loses 2 consensus.",
                        "consensus": -2
                    },
                    {
                        "say": "{{color=[colors.caution]}}Everyone{{/color}} loses 1 consensus.",
                        "consensus": -1,
                        "all": true
                    }
                ]
            }
        ]
    },

    "8": {
        "scene": "bg library afternoon",
        "player_turns": 5,
        "consensus_goal": 45,
        "citizens": [
            {
                "name": "Lawyer",
                "consensus": 0,
                "consensus_max": 10,
                "energy": 1,
                "energy_max": 8,
                "actions": [
                    {
                        "say": "{name} is thinking..."
                    },
                    {
                        "say": "{name} loses 2 energy.",
                        "energy": -2
                    },
                    {
                        "say": "{name} loses 3 consensus.",
                        "consensus": -3
                    },
                    {
                        "say": "{name} loses 2 energy.",
                        "energy": -2
                    }
                ]
            },
            {
                "name": "Secretary",
                "consensus": 0,
                "consensus_max": 15,
                "energy": 2,
                "energy_max": 7,
                "actions": [
                    {
                        "say": "{name} is thinking..."
                    },
                    {
                        "say": "{{color=[colors.caution]}}Everyone{{/color}} loses 3 energy.",
                        "energy": -3,
                        "all": true
                    },
                    {
                        "say": "{name} gains 1 consensus.",
                        "consensus": 1
                    }
                ]
            },
            {
                "name": "Teacher",
                "consensus": 0,
                "consensus_max": 10,
                "energy": 3,
                "energy_max": 5,
                "actions": [
                    {
                        "say": "{name} is thinking..."
                    },
                    {
                        "say": "{name} loses 2 consensus.",
                        "consensus": -2
                    },
                    {
                        "say": "{name} loses 3 energy.",
                        "energy": -3
                    }
                ]
            },
            {
                "name": "Student",
                "consensus": 0,
                "consensus_max": 15,
                "energy": 2,
                "energy_max": 7,
                "actions": [
                    {
                        "say": "{name} is thinking..."
                    },
                    {
                        "say": "{name} loses 2 energy.",
                        "energy": -2
                    },
                    {
                        "say": "{name} is thinking..."
                    },
                    {
                        "say": "{{color=[colors.caution]}}Everyone{{/color}} loses 2 consensus.",
                        "consensus": -2,
                        "all": true
                    }
                ]
            }
        ]
    },

    "9": {
        "scene": "bg teachers room afternoon",
        "player_turns": 5,
        "consensus_goal": 60,
        "citizens": [
            {
                "name": "Detective",
                "consensus": 0,
                "consensus_max": 12,
                "energy": 1,
                "energy_max": 7,
                "actions": [
                    {
                        "say": "{name} is thinking..."
                    },
                    {
                        "say": "{name} loses 2 energy.",
                        "energy": -2
                    },
                    {
                        "say": "{name} gains 1 energy.",
                        "energy": 1
                    },
                    {
                        "say": "{{color=[colors.caution]}}Everyone{{/color}} loses 1 energy.",
                        "energy": -1,
                        "all": true
                    }
                ]
            },
            {
                "name": "Teacher",
                "consensus": 0,
                "consensus_max": 14,
                "energy": 2,
                "energy_max": 5,
                "actions": [
                    {
                        "say": "{name} is thinking..."
                    },
                    {
                        "say": "{{color=[colors.caution]}}Everyone{{/color}} loses 3 energy.",
                        "energy": -3,
                        "all": true
                    },
                    {
                        "say": "{name} gains 1 consensus.",
                        "consensus": 1
                    }
                ]
            },
            {
                "name": "Developer",
                "consensus": 0,
                "consensus_max": 12,
                "energy": 3,
                "energy_max": 7,
                "actions": [
                    {
                        "say": "{name} is thinking..."
                    },
                    {
                        "say": "{name} loses 3 consensus.",
                        "consensus": -3
                    },
                    {
                        "say": "{name} loses 3 energy.",
                        "energy": -3
                    }
                ]
            },
            {
                "name": "Researcher",
                "consensus": 0,
                "consensus_max": 10,
                "energy": 2,
                "energy_max": 7,
                "actions": [
                    {
                        "say": "{name} is thinking..."
                    },
                    {
                        "say": "{name} loses 2 energy.",
                        "energy": -2
                    },
                    {
                        "say": "{name} is thinking..."
                    },
                    {
                        "say": "{{color=[colors.caution]}}Everyone{{/color}} loses 2 consensus.",
                        "consensus": -2,
                        "all": true
                    }
                ]
            },
            {
                "name": "Trainer",
                "consensus": 0,
                "consensus_max": 17,
                "energy": 2,
                "energy_max": 9,
                "actions": [
                    {
                        "say": "{name} is thinking..."
                    },
                    {
                        "say": "{name} loses 3 consensus.",
                        "consensus": -3
                    },
                    {
                        "say": "{name} is thinking..."
                    },
                    {
                        "say": "{{color=[colors.caution]}}Everyone{{/color}} loses 3 energy.",
                        "energy": -3,
                        "all": true
                    }
                ]
            }
        ]
    }
}
